time,driving_policy
0.000,A car is close ahead on the left. Slow down and keep safe distance.
0.040,A car is close ahead on the left. Slow down and keep safe distance. (Moving to the right)
0.080,A car is close ahead on the left. Slow down and keep safe distance. (Moving to the right)
0.120,A car is close ahead on the left. Slow down and keep safe distance.
0.160,A car is close ahead on the left. Slow down and keep safe distance.
0.200,A car is close ahead on the left. Slow down and keep safe distance. (Moving to the right)
0.240,A car is close ahead on the left. Slow down and keep safe distance.
0.280,A car is close ahead on the left. Slow down and keep safe distance.
0.320,A car is close ahead on the left. Slow down and keep safe distance.
0.360,A car is close ahead on the left. Slow down and keep safe distance.
0.400,A car is close ahead on the left. Slow down and keep safe distance.
0.440,A car is close ahead on the left. Slow down and keep safe distance.
0.480,A car is close ahead on the left. Slow down and keep safe distance.
0.520,A car is close ahead on the left. Slow down and keep safe distance.
0.560,A car is close ahead on the left. Slow down and keep safe distance. (Moving to the left)
0.600,A car is close ahead on the left. Slow down and keep safe distance. (Moving to the right)
0.640,A car is close ahead on the left. Slow down and keep safe distance.
0.680,A car is close ahead on the left. Slow down and keep safe distance.
0.720,A car is close ahead on the left. Slow down and keep safe distance.
0.760,A car is close ahead on the left. Slow down and keep safe distance.
0.800,A car is close ahead on the left. Slow down and keep safe distance.
0.840,A car is close ahead. Slow down and keep safe distance.
0.880,A car is close ahead on the left. Slow down and keep safe distance.
0.920,A car is close ahead on the left. Slow down and keep safe distance.
0.960,A car is close ahead on the left. Slow down and keep safe distance.
1.000,A car is close ahead on the left. Slow down and keep safe distance.
1.040,A car is close ahead on the left. Slow down and keep safe distance.
1.080,A car is close ahead on the left. Slow down and keep safe distance.
1.120,A car is close ahead on the left. Slow down and keep safe distance.
1.160,A car is close ahead on the left. Slow down and keep safe distance.
1.200,A car is close ahead on the left. Slow down and keep safe distance.
1.240,A car is close ahead on the left. Slow down and keep safe distance.
1.280,A car is close ahead on the left. Slow down and keep safe distance.
1.320,A car is close ahead on the left. Slow down and keep safe distance.
1.360,A car is close ahead on the left. Slow down and keep safe distance.
1.400,A car is close ahead on the left. Slow down and keep safe distance.
1.440,A car is close ahead on the left. Slow down and keep safe distance.
1.480,A car is close ahead on the left. Slow down and keep safe distance.
1.520,A car is close ahead on the left. Slow down and keep safe distance.
1.560,A car is close ahead on the left. Slow down and keep safe distance.
1.600,A car is close ahead on the left. Slow down and keep safe distance.
1.640,A car is close ahead on the left. Slow down and keep safe distance.
1.680,A car is close ahead on the left. Slow down and keep safe distance.
1.720,A car is close ahead on the left. Slow down and keep safe distance.
1.760,A car is close ahead on the left. Slow down and keep safe distance.
1.800,A car is close ahead on the left. Slow down and keep safe distance. (Moving to the left)
1.840,A car is close ahead on the left. Slow down and keep safe distance.
1.880,A car is close ahead on the left. Slow down and keep safe distance. (Moving to the right)
1.920,A car is close ahead on the left. Slow down and keep safe distance.
1.960,A car is close ahead on the left. Slow down and keep safe distance.
2.000,A car is close ahead on the left. Slow down and keep safe distance.
2.040,A car is close ahead. Slow down and keep safe distance.
2.080,A car is close ahead on the left. Slow down and keep safe distance. (Moving to the left)
2.120,A car is close ahead on the left. Slow down and keep safe distance. (Moving to the left)
2.160,A car is close ahead on the left. Slow down and keep safe distance. (Moving to the right)
2.200,A car is close ahead on the left. Slow down and keep safe distance.
2.240,A car is close ahead. Slow down and keep safe distance.
2.280,A car is close ahead on the left. Slow down and keep safe distance.
2.320,A car is close ahead on the left. Slow down and keep safe distance.
2.360,A car is close ahead on the left. Slow down and keep safe distance.
2.400,A car is close ahead on the left. Slow down and keep safe distance.
2.440,A car is close ahead on the left. Slow down and keep safe distance.
2.480,A car is close ahead on the left. Slow down and keep safe distance.
2.520,A car is close ahead on the left. Slow down and keep safe distance.
2.560,A car is close ahead on the left. Slow down and keep safe distance.
2.600,A car is close ahead on the left. Slow down and keep safe distance. (Moving to the left)
2.640,A car is close ahead on the left. Slow down and keep safe distance.
2.680,A car is close ahead. Slow down and keep safe distance.
2.720,A car is close ahead. Slow down and keep safe distance.
2.760,A car is close ahead. Slow down and keep safe distance.
2.800,A car is close ahead. Slow down and keep safe distance.
2.840,A car is close ahead. Slow down and keep safe distance.
2.880,A car is close ahead. Slow down and keep safe distance.
2.920,A car is close ahead. Slow down and keep safe distance.
2.960,A car is close ahead. Slow down and keep safe distance. (Moving to the right)
3.000,A car is close ahead. Slow down and keep safe distance.
3.040,A car is close ahead. Slow down and keep safe distance.
3.080,A car is close ahead on the left. Slow down and keep safe distance. (Moving to the left)
3.120,A car is close ahead on the left. Slow down and keep safe distance.
3.160,A car is close ahead on the left. Slow down and keep safe distance.
3.200,A car is close ahead on the left. Slow down and keep safe distance.
3.240,A car is close ahead on the left. Slow down and keep safe distance.
3.280,A car is close ahead on the left. Slow down and keep safe distance.
3.320,A car is close ahead on the left. Slow down and keep safe distance.
3.360,A car is close ahead on the left. Slow down and keep safe distance.
3.400,A car is close ahead on the left. Slow down and keep safe distance.
3.440,A car is close ahead on the left. Slow down and keep safe distance.
3.480,A car is close ahead on the left. Slow down and keep safe distance.
3.520,A car is close ahead on the left. Slow down and keep safe distance.
3.560,A car is close ahead on the left. Slow down and keep safe distance.
3.600,A car is close ahead on the left. Slow down and keep safe distance.
3.640,A car is close ahead on the left. Slow down and keep safe distance.
3.680,A car is close ahead on the left. Slow down and keep safe distance.
3.720,A car is close ahead on the left. Slow down and keep safe distance.
3.760,A car is close ahead on the left. Slow down and keep safe distance.
3.800,A car is close ahead on the left. Slow down and keep safe distance.
3.840,A car is close ahead on the left. Slow down and keep safe distance.
3.880,A car is close ahead on the left. Slow down and keep safe distance.
3.920,A car is close ahead. Slow down and keep safe distance.
3.960,A car is close ahead on the left. Slow down and keep safe distance.
4.000,A car is close ahead on the left. Slow down and keep safe distance.
4.040,A car is close ahead on the left. Slow down and keep safe distance.
4.080,A car is close ahead on the left. Slow down and keep safe distance.
4.120,A car is close ahead on the left. Slow down and keep safe distance.
4.160,A car is close ahead on the left. Slow down and keep safe distance.
4.200,A car is close ahead on the left. Slow down and keep safe distance.
4.240,A car is close ahead on the left. Slow down and keep safe distance.
4.280,A car is close ahead on the left. Slow down and keep safe distance.
4.320,A car is close ahead on the left. Slow down and keep safe distance.
4.360,A car is close ahead on the left. Slow down and keep safe distance.
4.400,A car is close ahead. Slow down and keep safe distance.
4.440,A car is close ahead. Slow down and keep safe distance.
4.480,A car is close ahead on the left. Slow down and keep safe distance.
4.520,A car is close ahead on the left. Slow down and keep safe distance.
4.560,A car is close ahead. Slow down and keep safe distance.
4.600,A car is close ahead on the left. Slow down and keep safe distance.
4.640,A car is close ahead on the left. Slow down and keep safe distance.
4.680,A car is close ahead. Slow down and keep safe distance.
4.720,A car is close ahead. Slow down and keep safe distance. (Moving to the right)
4.760,A car is close ahead. Slow down and keep safe distance.
4.800,A car is close ahead on the left. Slow down and keep safe distance. (Moving to the left)
4.840,A car is close ahead on the left. Slow down and keep safe distance.
4.880,A car is close ahead on the left. Slow down and keep safe distance.
4.920,A car is close ahead on the left. Slow down and keep safe distance.
4.960,A car is close ahead on the left. Slow down and keep safe distance.
5.000,A car is close ahead on the left. Slow down and keep safe distance.
5.040,A car is close ahead on the left. Slow down and keep safe distance.
5.080,A car is close ahead on the left. Slow down and keep safe distance.
5.120,A car is close ahead on the left. Slow down and keep safe distance.
5.160,A car is close ahead on the left. Slow down and keep safe distance.
5.200,A car is close ahead on the left. Slow down and keep safe distance.
5.240,A car is close ahead on the left. Slow down and keep safe distance.
5.280,A car is close ahead on the left. Slow down and keep safe distance.
5.320,A car is close ahead on the left. Slow down and keep safe distance.
5.360,A car is close ahead on the left. Slow down and keep safe distance.
5.400,A car is close ahead on the left. Slow down and keep safe distance.
5.440,A car is close ahead on the left. Slow down and keep safe distance.
5.480,A car is close ahead on the left. Slow down and keep safe distance.
5.520,A car is close ahead on the left. Slow down and keep safe distance.
5.560,A car is close ahead on the left. Slow down and keep safe distance.
5.600,A car is close ahead. Slow down and keep safe distance.
5.640,A car is close ahead. Slow down and keep safe distance.
5.680,A car is close ahead. Slow down and keep safe distance.
5.720,A car is close ahead. Slow down and keep safe distance.
5.760,A car is close ahead. Slow down and keep safe distance.
5.800,A car is close ahead. Slow down and keep safe distance.
5.840,A car is close ahead. Slow down and keep safe distance.
5.880,A car is close ahead. Slow down and keep safe distance. (Moving to the left)
5.920,A car is close ahead on the left. Slow down and keep safe distance.
5.960,A car is close ahead on the left. Slow down and keep safe distance.
6.000,A car is close ahead on the left. Slow down and keep safe distance.
6.040,A car is close ahead on the left. Slow down and keep safe distance.
6.080,A car is close ahead on the left. Slow down and keep safe distance.
6.120,A car is close ahead on the left. Slow down and keep safe distance.
6.160,A car is close ahead on the left. Slow down and keep safe distance.
6.200,A car is close ahead on the left. Slow down and keep safe distance.
6.240,A car is close ahead on the left. Slow down and keep safe distance.
6.280,A car is close ahead on the left. Slow down and keep safe distance.
6.320,A car is close ahead on the left. Slow down and keep safe distance.
6.360,A car is close ahead on the left. Slow down and keep safe distance.
6.400,A car is close ahead on the left. Slow down and keep safe distance.
6.440,A car is close ahead on the left. Slow down and keep safe distance.
6.480,A car is close ahead on the left. Slow down and keep safe distance.
6.520,A car is close ahead on the left. Slow down and keep safe distance.
6.560,A car is close ahead on the left. Slow down and keep safe distance.
6.600,A car is close ahead on the left. Slow down and keep safe distance.
6.640,A car is close ahead on the left. Slow down and keep safe distance.
6.680,A car is close ahead on the left. Slow down and keep safe distance.
6.720,A car is close ahead on the left. Slow down and keep safe distance.
6.760,A car is close ahead on the left. Slow down and keep safe distance.
6.800,A car is close ahead on the left. Slow down and keep safe distance. (Moving to the right)
6.840,A car is close ahead on the left. Slow down and keep safe distance. (Moving to the left)
6.880,A car is close ahead on the left. Slow down and keep safe distance. (Moving to the left)
6.920,A car is close ahead on the left. Slow down and keep safe distance. (Moving to the left)
6.960,A car is close ahead on the left. Slow down and keep safe distance. (Moving to the left)
7.000,A car is close ahead on the left. Slow down and keep safe distance.
7.040,A car is close ahead on the left. Slow down and keep safe distance.
7.080,A car is close ahead on the left. Slow down and keep safe distance.
7.120,A car is close ahead on the left. Slow down and keep safe distance.
7.160,A car is close ahead on the left. Slow down and keep safe distance.
7.200,A car is close ahead on the left. Slow down and keep safe distance.
7.240,A car is close ahead on the left. Slow down and keep safe distance.
7.280,A car is close ahead on the left. Slow down and keep safe distance.
7.320,A car is close ahead on the left. Slow down and keep safe distance.
7.360,A car is close ahead on the left. Slow down and keep safe distance.
7.400,A car is close ahead on the left. Slow down and keep safe distance. (Moving to the left)
7.440,A car is close ahead on the left. Slow down and keep safe distance. (Moving to the left)
7.480,A car is close ahead on the left. Slow down and keep safe distance. (Moving to the left)
7.520,A car is close ahead on the left. Slow down and keep safe distance. (Moving to the left)
7.560,A car is close ahead on the left. Slow down and keep safe distance. (Moving to the left)
7.600,A car is close ahead on the left. Slow down and keep safe distance. (Moving to the left)
7.640,A car is close ahead on the left. Slow down and keep safe distance. (Moving to the left)
7.680,A car is close ahead on the left. Slow down and keep safe distance.
7.720,A car is close ahead on the left. Slow down and keep safe distance. (Moving to the left)
7.760,A car is close ahead on the left. Slow down and keep safe distance. (Moving to the left)
7.800,A car is close ahead on the left. Slow down and keep safe distance. (Moving to the left)
7.840,A car is close ahead on the left. Slow down and keep safe distance. (Moving to the left)
7.880,A car is close ahead on the left. Slow down and keep safe distance. (Moving to the left)
7.920,A car is close ahead on the left. Slow down and keep safe distance. (Moving to the left)
7.960,A car is close ahead on the left. Slow down and keep safe distance. (Moving to the left)
8.000,A car is close ahead on the left. Slow down and keep safe distance. (Moving to the left)
8.040,A car is close ahead on the left. Slow down and keep safe distance. (Moving to the left)
8.080,A car is close ahead on the left. Slow down and keep safe distance. (Moving to the left)
8.120,A car is close ahead on the left. Slow down and keep safe distance. (Moving to the left)
8.160,A car is close ahead on the left. Slow down and keep safe distance. (Moving to the left)
8.200,A car is close ahead on the left. Slow down and keep safe distance.
8.240,A car is close ahead on the left. Slow down and keep safe distance.
8.280,A car is close ahead on the left. Slow down and keep safe distance.
8.320,A car is close ahead on the left. Slow down and keep safe distance.
8.360,A car is close ahead on the left. Slow down and keep safe distance.
8.400,A car is close ahead on the left. Slow down and keep safe distance. (Moving to the left)
8.440,A car is close ahead on the left. Slow down and keep safe distance. (Moving to the left)
8.480,A car is close ahead on the left. Slow down and keep safe distance. (Moving to the left)
8.520,A car is close ahead on the left. Slow down and keep safe distance.
8.560,A car is close ahead on the left. Slow down and keep safe distance. (Moving to the left)
8.600,A car is close ahead on the left. Slow down and keep safe distance. (Moving to the left)
8.640,A car is close ahead on the left. Slow down and keep safe distance. (Moving to the left)
8.680,A car is close ahead on the left. Slow down and keep safe distance. (Moving to the left)
8.720,A car is close ahead on the left. Slow down and keep safe distance. (Moving to the left)
8.760,A car is close ahead on the left. Slow down and keep safe distance. (Moving to the left)
8.800,A car is close ahead on the left. Slow down and keep safe distance. (Moving to the left)
8.840,A car is close ahead on the left. Slow down and keep safe distance. (Moving to the left)
8.880,A car is close ahead on the left. Slow down and keep safe distance.
8.920,A car is close ahead on the left. Slow down and keep safe distance.
8.960,A car is close ahead on the left. Slow down and keep safe distance.
9.000,A car is close ahead on the left. Slow down and keep safe distance.
9.040,A car is close ahead on the left. Slow down and keep safe distance.
9.080,A car is close ahead on the left. Slow down and keep safe distance.
9.120,A car is close ahead on the left. Slow down and keep safe distance.
9.160,A car is close ahead on the left. Slow down and keep safe distance.
9.200,A car is close ahead on the left. Slow down and keep safe distance.
9.240,A car is close ahead on the left. Slow down and keep safe distance.
9.280,A car is close ahead on the left. Slow down and keep safe distance.
9.320,A car is close ahead on the left. Slow down and keep safe distance.
9.360,A car is close ahead on the left. Slow down and keep safe distance.
9.400,A car is close ahead on the left. Slow down and keep safe distance.
9.440,A car is close ahead on the left. Slow down and keep safe distance.
9.480,A car is close ahead on the left. Slow down and keep safe distance.
9.520,A car is close ahead on the left. Slow down and keep safe distance.
9.560,A car is close ahead on the left. Slow down and keep safe distance.
9.600,A car is close ahead on the left. Slow down and keep safe distance.
9.640,A car is close ahead on the left. Slow down and keep safe distance.
9.680,A car is close ahead on the left. Slow down and keep safe distance.
9.720,A car is close ahead on the left. Slow down and keep safe distance.
9.760,A car is close ahead on the left. Slow down and keep safe distance.
9.800,A car is close ahead on the left. Slow down and keep safe distance.
9.840,A car is close ahead on the left. Slow down and keep safe distance.
9.880,A car is close ahead on the left. Slow down and keep safe distance.
9.920,A car is close ahead on the left. Slow down and keep safe distance.
9.960,A car is close ahead on the left. Slow down and keep safe distance.
10.000,A car is close ahead on the left. Slow down and keep safe distance.
10.040,A car is close ahead on the left. Slow down and keep safe distance.
10.080,A car is close ahead on the left. Slow down and keep safe distance.
10.120,A car is close ahead on the left. Slow down and keep safe distance.
10.160,A car is close ahead on the left. Slow down and keep safe distance.
10.200,A car is close ahead on the left. Slow down and keep safe distance.
10.240,A car is close ahead on the left. Slow down and keep safe distance.
10.280,A car is close ahead on the left. Slow down and keep safe distance.
10.320,A car is close ahead on the left. Slow down and keep safe distance.
10.360,A car is close ahead on the left. Slow down and keep safe distance.
10.400,A car is close ahead on the left. Slow down and keep safe distance.
10.440,A car is close ahead on the left. Slow down and keep safe distance.
10.480,A car is close ahead on the left. Slow down and keep safe distance.
10.520,A car is close ahead on the left. Slow down and keep safe distance.
10.560,A car is close ahead on the left. Slow down and keep safe distance.
10.600,A car is close ahead on the left. Slow down and keep safe distance.
10.640,A car is close ahead on the left. Slow down and keep safe distance.
10.680,A car is close ahead on the left. Slow down and keep safe distance.
10.720,A car is close ahead on the left. Slow down and keep safe distance.
10.760,A car is close ahead on the left. Slow down and keep safe distance.
10.800,A car is close ahead on the left. Slow down and keep safe distance.
10.840,A car is close ahead on the left. Slow down and keep safe distance.
10.880,A car is close ahead on the left. Slow down and keep safe distance.
10.920,A car is close ahead on the left. Slow down and keep safe distance.
10.960,A car is close ahead on the left. Slow down and keep safe distance.
11.000,A car is close ahead on the left. Slow down and keep safe distance.
11.040,A car is close ahead on the left. Slow down and keep safe distance.
11.080,A car is close ahead on the left. Slow down and keep safe distance.
11.120,A car is close ahead on the left. Slow down and keep safe distance.
11.160,A car is close ahead on the left. Slow down and keep safe distance.
11.200,A car is close ahead on the left. Slow down and keep safe distance.
11.240,A car is close ahead on the left. Slow down and keep safe distance.
11.280,A car is close ahead on the left. Slow down and keep safe distance.
11.320,A car is close ahead on the left. Slow down and keep safe distance.
11.360,A car is close ahead on the left. Slow down and keep safe distance.
11.400,A car is close ahead on the left. Slow down and keep safe distance.
11.440,A car is close ahead on the left. Slow down and keep safe distance.
11.480,A car is close ahead on the left. Slow down and keep safe distance.
11.520,A car is close ahead on the left. Slow down and keep safe distance.
11.560,A car is close ahead on the left. Slow down and keep safe distance.
11.600,A car is close ahead on the left. Slow down and keep safe distance.
11.640,A car is close ahead on the left. Slow down and keep safe distance.
11.680,A car is close ahead on the left. Slow down and keep safe distance.
11.720,A car is close ahead on the left. Slow down and keep safe distance.
11.760,A car is close ahead on the left. Slow down and keep safe distance.
11.800,A car is close ahead on the left. Slow down and keep safe distance.
11.840,A car is close ahead on the left. Slow down and keep safe distance.
11.880,A car is close ahead on the left. Slow down and keep safe distance.
11.920,A car is close ahead on the left. Slow down and keep safe distance.
11.960,A car is close ahead on the left. Slow down and keep safe distance.
12.000,A car is close ahead on the left. Slow down and keep safe distance.
12.040,A car is close ahead on the left. Slow down and keep safe distance.
12.080,A car is close ahead on the left. Slow down and keep safe distance.
12.120,A car is close ahead on the left. Slow down and keep safe distance.
12.160,A car is close ahead on the left. Slow down and keep safe distance.
12.200,A car is close ahead on the left. Slow down and keep safe distance.
12.240,A car is close ahead on the left. Slow down and keep safe distance.
12.280,A car is close ahead on the left. Slow down and keep safe distance.
12.320,A car is close ahead on the left. Slow down and keep safe distance.
12.360,A car is close ahead on the left. Slow down and keep safe distance.
12.400,A car is close ahead on the left. Slow down and keep safe distance.
12.440,A car is close ahead on the left. Slow down and keep safe distance.
12.480,A car is close ahead on the left. Slow down and keep safe distance.
12.520,A car is close ahead on the left. Slow down and keep safe distance.
12.560,A car is close ahead on the left. Slow down and keep safe distance.
12.600,A car is close ahead on the left. Slow down and keep safe distance.
12.640,A car is close ahead on the left. Slow down and keep safe distance.
12.680,A car is close ahead on the left. Slow down and keep safe distance.
12.720,A car is close ahead on the left. Slow down and keep safe distance.
12.760,A car is close ahead on the left. Slow down and keep safe distance.
12.800,A car is close ahead on the left. Slow down and keep safe distance.
12.840,A car is close ahead on the left. Slow down and keep safe distance.
12.880,A car is close ahead on the left. Slow down and keep safe distance.
12.920,A car is close ahead on the left. Slow down and keep safe distance.
12.960,A car is close ahead on the left. Slow down and keep safe distance.
13.000,A car is close ahead on the left. Slow down and keep safe distance.
13.040,A car is close ahead on the left. Slow down and keep safe distance.
13.080,A car is close ahead on the left. Slow down and keep safe distance.
13.120,A car is close ahead on the left. Slow down and keep safe distance.
13.160,A car is close ahead on the left. Slow down and keep safe distance.
13.200,A car is close ahead on the left. Slow down and keep safe distance.
13.240,A car is close ahead on the left. Slow down and keep safe distance.
13.280,A car is close ahead on the left. Slow down and keep safe distance.
13.320,A car is close ahead on the left. Slow down and keep safe distance.
13.360,A car is close ahead on the left. Slow down and keep safe distance.
13.400,A car is close ahead on the left. Slow down and keep safe distance.
13.440,A car is close ahead on the left. Slow down and keep safe distance.
13.480,A car is close ahead on the left. Slow down and keep safe distance.
13.520,A car is close ahead on the left. Slow down and keep safe distance.
13.560,A car is close ahead on the left. Slow down and keep safe distance.
13.600,A car is close ahead on the left. Slow down and keep safe distance.
13.640,A car is close ahead on the left. Slow down and keep safe distance.
13.680,A car is close ahead on the left. Slow down and keep safe distance.
13.720,A car is close ahead on the left. Slow down and keep safe distance.
13.760,A car is close ahead on the left. Slow down and keep safe distance.
13.800,A car is close ahead on the left. Slow down and keep safe distance.
13.840,A car is close ahead on the left. Slow down and keep safe distance.
13.880,A car is close ahead on the left. Slow down and keep safe distance.
13.920,A car is close ahead on the left. Slow down and keep safe distance.
13.960,A car is close ahead on the left. Slow down and keep safe distance.
14.000,A car is close ahead on the left. Slow down and keep safe distance.
14.040,A car is close ahead on the left. Slow down and keep safe distance.
14.080,A car is close ahead on the left. Slow down and keep safe distance.
14.120,A car is close ahead on the left. Slow down and keep safe distance.
14.160,A car is close ahead on the left. Slow down and keep safe distance.
14.200,A car is close ahead on the left. Slow down and keep safe distance.
14.240,A car is close ahead on the left. Slow down and keep safe distance.
14.280,A car is close ahead on the left. Slow down and keep safe distance.
14.320,A car is close ahead on the left. Slow down and keep safe distance.
14.360,A car is close ahead on the left. Slow down and keep safe distance.
14.400,A car is close ahead on the left. Slow down and keep safe distance.
14.440,A car is close ahead on the left. Slow down and keep safe distance.
14.480,A car is close ahead on the left. Slow down and keep safe distance.
14.520,A car is close ahead on the left. Slow down and keep safe distance.
14.560,A car is close ahead on the left. Slow down and keep safe distance.
14.600,A car is close ahead on the left. Slow down and keep safe distance.
14.640,A car is close ahead on the left. Slow down and keep safe distance.
14.680,A car is close ahead on the left. Slow down and keep safe distance.
14.720,A car is close ahead on the left. Slow down and keep safe distance.
14.760,A car is close ahead on the left. Slow down and keep safe distance.
14.800,A car is close ahead on the left. Slow down and keep safe distance.
14.840,A car is close ahead on the left. Slow down and keep safe distance.
14.880,A car is close ahead on the left. Slow down and keep safe distance.
14.920,A car is close ahead on the left. Slow down and keep safe distance.
14.960,A car is close ahead on the left. Slow down and keep safe distance.
15.000,A car is close ahead on the left. Slow down and keep safe distance.
15.040,A car is close ahead on the left. Slow down and keep safe distance.
15.080,A car is close ahead on the left. Slow down and keep safe distance.
15.120,A car is close ahead on the left. Slow down and keep safe distance.
15.160,A car is close ahead on the left. Slow down and keep safe distance.
15.200,A car is close ahead on the left. Slow down and keep safe distance.
15.240,A car is close ahead on the left. Slow down and keep safe distance.
15.280,A car is close ahead on the left. Slow down and keep safe distance.
15.320,A car is close ahead on the left. Slow down and keep safe distance.
15.360,A car is close ahead on the left. Slow down and keep safe distance.
15.400,A car is close ahead. Slow down and keep safe distance. (Moving to the right)
15.440,A car is close ahead. Slow down and keep safe distance.
15.480,A car is close ahead. Slow down and keep safe distance.
15.520,A car is close ahead. Slow down and keep safe distance.
15.560,A car is close ahead on the left. Slow down and keep safe distance. (Moving to the left)
15.600,A car is close ahead on the left. Slow down and keep safe distance.
15.640,A car is close ahead on the left. Slow down and keep safe distance.
15.680,A car is close ahead on the left. Slow down and keep safe distance.
15.720,A car is close ahead on the left. Slow down and keep safe distance.
15.760,A car is close ahead on the left. Slow down and keep safe distance.
15.800,A car is close ahead on the left. Slow down and keep safe distance.
15.840,A car is close ahead. Slow down and keep safe distance. (Moving to the right)
15.880,A car is close ahead. Slow down and keep safe distance.
15.920,A car is close ahead. Slow down and keep safe distance.
15.960,A car is close ahead. Slow down and keep safe distance.
16.000,A car is close ahead. Slow down and keep safe distance.
16.040,A car is close ahead. Slow down and keep safe distance.
16.080,A car is close ahead on the left. Slow down and keep safe distance. (Moving to the left)
16.120,A car is close ahead on the left. Slow down and keep safe distance.
16.160,A car is close ahead on the left. Slow down and keep safe distance.
16.200,A car is close ahead on the left. Slow down and keep safe distance.
16.240,A car is close ahead on the left. Slow down and keep safe distance.
16.280,A car is close ahead on the left. Slow down and keep safe distance.
16.320,A car is close ahead on the left. Slow down and keep safe distance.
16.360,A car is close ahead on the left. Slow down and keep safe distance.
16.400,A car is close ahead on the left. Slow down and keep safe distance.
16.440,A car is close ahead on the left. Slow down and keep safe distance.
16.480,A car is close ahead on the left. Slow down and keep safe distance.
16.520,A car is close ahead on the left. Slow down and keep safe distance.
16.560,A car is close ahead on the left. Slow down and keep safe distance.
16.600,A car is close ahead on the left. Slow down and keep safe distance.
16.640,A car is close ahead. Slow down and keep safe distance. (Moving to the right)
16.680,A car is close ahead. Slow down and keep safe distance.
16.720,A car is close ahead. Slow down and keep safe distance.
16.760,A car is close ahead. Slow down and keep safe distance.
16.800,A car is close ahead. Slow down and keep safe distance.
16.840,A car is close ahead. Slow down and keep safe distance.
16.880,A car is close ahead on the left. Slow down and keep safe distance.
16.920,A car is close ahead on the left. Slow down and keep safe distance.
16.960,A car is close ahead on the left. Slow down and keep safe distance. (Moving to the right)
17.000,A car is close ahead on the left. Slow down and keep safe distance.
17.040,A car is close ahead on the left. Slow down and keep safe distance. (Moving to the left)
17.080,A car is close ahead on the left. Slow down and keep safe distance.
17.120,A car is close ahead on the left. Slow down and keep safe distance.
17.160,A car is close ahead on the left. Slow down and keep safe distance. (Moving to the left)
17.200,A car is close ahead on the left. Slow down and keep safe distance.
17.240,A car is close ahead on the left. Slow down and keep safe distance.
17.280,A car is close ahead on the left. Slow down and keep safe distance.
17.320,A car is close ahead on the left. Slow down and keep safe distance.
17.360,A car is close ahead on the left. Slow down and keep safe distance.
17.400,A car is close ahead on the left. Slow down and keep safe distance.
17.440,A car is close ahead on the left. Slow down and keep safe distance.
17.480,A car is close ahead on the left. Slow down and keep safe distance.
17.520,A car is close ahead on the left. Slow down and keep safe distance.
17.560,A car is close ahead on the left. Slow down and keep safe distance.
17.600,A car is close ahead on the left. Slow down and keep safe distance.
17.640,A car is close ahead on the left. Slow down and keep safe distance.
17.680,A car is close ahead on the left. Slow down and keep safe distance.
17.720,A car is close ahead on the left. Slow down and keep safe distance.
17.760,A car is close ahead on the left. Slow down and keep safe distance.
17.800,A car is close ahead on the left. Slow down and keep safe distance.
17.840,A car is close ahead on the left. Slow down and keep safe distance.
17.880,A car is close ahead on the left. Slow down and keep safe distance.
17.920,A car is close ahead on the left. Slow down and keep safe distance.
17.960,A car is close ahead on the left. Slow down and keep safe distance.
18.000,A car is close ahead on the left. Slow down and keep safe distance.
18.040,A car is close ahead on the left. Slow down and keep safe distance.
18.080,A car is close ahead on the left. Slow down and keep safe distance.
18.120,A car is close ahead on the left. Slow down and keep safe distance.
18.160,A car is close ahead on the left. Slow down and keep safe distance.
18.200,A car is close ahead on the left. Slow down and keep safe distance.
18.240,A car is close ahead on the left. Slow down and keep safe distance.
18.280,A car is close ahead on the left. Slow down and keep safe distance. (Moving to the right)
18.320,A car is close ahead on the left. Slow down and keep safe distance. (Moving to the left)
18.360,A car is close ahead on the left. Slow down and keep safe distance.
18.400,A car is close ahead on the left. Slow down and keep safe distance.
18.440,A car is close ahead on the left. Slow down and keep safe distance.
18.480,A car is close ahead on the left. Slow down and keep safe distance.
18.520,A car is close ahead on the left. Slow down and keep safe distance.
18.560,A car is close ahead on the left. Slow down and keep safe distance.
18.600,A car is close ahead on the left. Slow down and keep safe distance.
18.640,A car is close ahead on the left. Slow down and keep safe distance.
18.680,A car is close ahead on the left. Slow down and keep safe distance.
18.720,A car is close ahead on the left. Slow down and keep safe distance.
18.760,A car is close ahead on the left. Slow down and keep safe distance.
18.800,A car is close ahead on the left. Slow down and keep safe distance.
18.840,A car is close ahead on the left. Slow down and keep safe distance.
18.880,A car is close ahead on the left. Slow down and keep safe distance.
18.920,A car is close ahead on the left. Slow down and keep safe distance.
18.960,A car is close ahead on the left. Slow down and keep safe distance.
19.000,A car is close ahead on the left. Slow down and keep safe distance.
19.040,A car is close ahead on the left. Slow down and keep safe distance.
19.080,A car is close ahead on the left. Slow down and keep safe distance.
19.120,A car is close ahead on the left. Slow down and keep safe distance.
19.160,A car is close ahead on the left. Slow down and keep safe distance.
19.200,A car is close ahead on the left. Slow down and keep safe distance.
19.240,A car is close ahead on the left. Slow down and keep safe distance.
19.280,A car is close ahead on the left. Slow down and keep safe distance.
19.320,A car is close ahead on the left. Slow down and keep safe distance.
19.360,A car is close ahead on the left. Slow down and keep safe distance.
19.400,A car is close ahead on the left. Slow down and keep safe distance.
19.440,A car is close ahead on the left. Slow down and keep safe distance.
19.480,A car is close ahead on the left. Slow down and keep safe distance.
19.520,A car is close ahead on the left. Slow down and keep safe distance.
19.560,A car is close ahead on the left. Slow down and keep safe distance.
19.600,A car is close ahead on the left. Slow down and keep safe distance.
19.640,A car is close ahead on the left. Slow down and keep safe distance.
19.680,A car is close ahead on the left. Slow down and keep safe distance.
19.720,A car is close ahead on the left. Slow down and keep safe distance.
19.760,A car is close ahead on the left. Slow down and keep safe distance.
19.800,A car is close ahead on the left. Slow down and keep safe distance.
19.840,A car is close ahead on the left. Slow down and keep safe distance.
19.880,A car is close ahead on the left. Slow down and keep safe distance.
19.920,A car is close ahead on the left. Slow down and keep safe distance.
19.960,A car is close ahead on the left. Slow down and keep safe distance.
20.000,A car is close ahead on the left. Slow down and keep safe distance.
20.040,A car is close ahead on the left. Slow down and keep safe distance.
20.080,A car is close ahead on the left. Slow down and keep safe distance.
20.120,A car is close ahead on the left. Slow down and keep safe distance.
20.160,A car is close ahead on the left. Slow down and keep safe distance.
20.200,A car is close ahead on the left. Slow down and keep safe distance.
20.240,A car is close ahead on the left. Slow down and keep safe distance.
20.280,A car is close ahead on the left. Slow down and keep safe distance.
20.320,A car is close ahead on the left. Slow down and keep safe distance.
20.360,A car is close ahead on the left. Slow down and keep safe distance.
20.400,A car is close ahead on the left. Slow down and keep safe distance.
20.440,A car is close ahead on the left. Slow down and keep safe distance.
20.480,A car is close ahead on the left. Slow down and keep safe distance.
20.520,A car is close ahead on the left. Slow down and keep safe distance.
20.560,A car is close ahead on the left. Slow down and keep safe distance.
20.600,A car is close ahead on the left. Slow down and keep safe distance.
20.640,A car is close ahead on the left. Slow down and keep safe distance.
20.680,A car is close ahead on the left. Slow down and keep safe distance.
20.720,A car is close ahead on the left. Slow down and keep safe distance.
20.760,A car is close ahead on the left. Slow down and keep safe distance.
20.800,A car is close ahead on the left. Slow down and keep safe distance.
20.840,A car is close ahead on the left. Slow down and keep safe distance.
20.880,A car is close ahead on the left. Slow down and keep safe distance.
20.920,A car is close ahead on the left. Slow down and keep safe distance.
20.960,A car is close ahead on the left. Slow down and keep safe distance.
21.000,A car is close ahead on the left. Slow down and keep safe distance.
21.040,A car is close ahead on the left. Slow down and keep safe distance.
21.080,A car is close ahead on the left. Slow down and keep safe distance.
21.120,A car is close ahead on the left. Slow down and keep safe distance.
21.160,A car is close ahead on the left. Slow down and keep safe distance.
21.200,A car is close ahead on the left. Slow down and keep safe distance.
21.240,A car is close ahead on the left. Slow down and keep safe distance.
21.280,A car is close ahead on the left. Slow down and keep safe distance.
21.320,A car is close ahead on the left. Slow down and keep safe distance.
21.360,A car is close ahead on the left. Slow down and keep safe distance.
21.400,A car is close ahead on the left. Slow down and keep safe distance.
21.440,A car is close ahead on the left. Slow down and keep safe distance.
21.480,A car is close ahead on the left. Slow down and keep safe distance.
21.520,A car is close ahead on the left. Slow down and keep safe distance.
21.560,A car is close ahead on the left. Slow down and keep safe distance.
21.600,A car is close ahead on the left. Slow down and keep safe distance.
21.640,A car is close ahead on the left. Slow down and keep safe distance.
21.680,A car is close ahead on the left. Slow down and keep safe distance.
21.720,A car is close ahead on the left. Slow down and keep safe distance.
21.760,A car is close ahead on the left. Slow down and keep safe distance.
21.800,A car is close ahead on the left. Slow down and keep safe distance.
21.840,A car is close ahead on the left. Slow down and keep safe distance.
21.880,A car is close ahead on the left. Slow down and keep safe distance.
21.920,A car is close ahead on the left. Slow down and keep safe distance.
21.960,A car is close ahead on the left. Slow down and keep safe distance.
22.000,A car is close ahead on the left. Slow down and keep safe distance.
22.040,A car is close ahead on the left. Slow down and keep safe distance.
22.080,A car is close ahead on the left. Slow down and keep safe distance.
22.120,A car is close ahead on the left. Slow down and keep safe distance.
22.160,A car is close ahead on the left. Slow down and keep safe distance.
22.200,A car is close ahead on the left. Slow down and keep safe distance.
22.240,A car is close ahead on the left. Slow down and keep safe distance.
22.280,A car is close ahead on the left. Slow down and keep safe distance.
22.320,A car is close ahead on the left. Slow down and keep safe distance.
22.360,A car is close ahead on the left. Slow down and keep safe distance.
22.400,A car is close ahead on the left. Slow down and keep safe distance.
22.440,A car is close ahead on the left. Slow down and keep safe distance.
22.480,A car is close ahead on the left. Slow down and keep safe distance.
22.520,A car is close ahead on the left. Slow down and keep safe distance.
22.560,A car is close ahead on the left. Slow down and keep safe distance.
22.600,A car is close ahead on the left. Slow down and keep safe distance.
22.640,A car is close ahead on the left. Slow down and keep safe distance.
22.680,A car is close ahead on the left. Slow down and keep safe distance.
22.720,A car is close ahead on the left. Slow down and keep safe distance.
22.760,A car is close ahead on the left. Slow down and keep safe distance.
22.800,A car is close ahead on the left. Slow down and keep safe distance.
22.840,A car is close ahead on the left. Slow down and keep safe distance.
22.880,A car is close ahead on the left. Slow down and keep safe distance.
22.920,A car is close ahead on the left. Slow down and keep safe distance.
22.960,A car is close ahead on the left. Slow down and keep safe distance.
23.000,A car is close ahead on the left. Slow down and keep safe distance. (Moving to the right)
23.040,A car is close ahead on the left. Slow down and keep safe distance.
23.080,A car is close ahead on the left. Slow down and keep safe distance.
23.120,A car is close ahead on the left. Slow down and keep safe distance.
23.160,A car is close ahead on the left. Slow down and keep safe distance.
23.200,A car is close ahead on the left. Slow down and keep safe distance.
23.240,A car is close ahead on the left. Slow down and keep safe distance. (Moving to the left)
23.280,A car is close ahead on the left. Slow down and keep safe distance.
23.320,A car is close ahead on the left. Slow down and keep safe distance.
23.360,A car is close ahead on the left. Slow down and keep safe distance.
23.400,A car is close ahead on the left. Slow down and keep safe distance.
23.440,A car is close ahead on the left. Slow down and keep safe distance.
23.480,A car is close ahead on the left. Slow down and keep safe distance.
23.520,A car is close ahead on the left. Slow down and keep safe distance.
23.560,A car is close ahead on the left. Slow down and keep safe distance.
23.600,A car is close ahead on the left. Slow down and keep safe distance.
23.640,A car is close ahead on the left. Slow down and keep safe distance.
23.680,A car is close ahead on the left. Slow down and keep safe distance.
23.720,A car is close ahead on the left. Slow down and keep safe distance.
23.760,A car is close ahead on the left. Slow down and keep safe distance.
23.800,A car is close ahead on the left. Slow down and keep safe distance.
23.840,A car is close ahead on the left. Slow down and keep safe distance.
23.880,A car is close ahead on the left. Slow down and keep safe distance. (Moving to the left)
23.920,A car is close ahead on the left. Slow down and keep safe distance. (Moving to the right)
23.960,A car is close ahead on the left. Slow down and keep safe distance. (Moving to the left)
24.000,A car is close ahead on the left. Slow down and keep safe distance.
24.040,A car is close ahead on the left. Slow down and keep safe distance.
24.080,A car is close ahead on the left. Slow down and keep safe distance. (Moving to the left)
24.120,A car is close ahead on the left. Slow down and keep safe distance. (Moving to the left)
24.160,A car is close ahead. Slow down and keep safe distance.
24.200,A car is close ahead. Slow down and keep safe distance.
24.240,A car is close ahead. Slow down and keep safe distance.
24.280,A car is close ahead. Slow down and keep safe distance.
24.320,A car is close ahead. Slow down and keep safe distance.
24.360,A car is close ahead. Slow down and keep safe distance.
24.400,A car is close ahead. Slow down and keep safe distance.
24.440,A car is close ahead. Slow down and keep safe distance.
24.480,A car is close ahead. Slow down and keep safe distance.
24.520,A car is close ahead. Slow down and keep safe distance.
24.560,A car is close ahead. Slow down and keep safe distance.
24.600,A car is close ahead. Slow down and keep safe distance.
24.640,A car is close ahead. Slow down and keep safe distance.
24.680,A car is close ahead. Slow down and keep safe distance.
24.720,A car is close ahead. Slow down and keep safe distance.
24.760,A car is close ahead. Slow down and keep safe distance.
24.800,A car is close ahead on the left. Slow down and keep safe distance.
24.840,A car is close ahead. Slow down and keep safe distance.
24.880,A car is close ahead. Slow down and keep safe distance.
24.920,A car is close ahead. Slow down and keep safe distance.
24.960,A car is close ahead. Slow down and keep safe distance.
25.000,A car is close ahead. Slow down and keep safe distance.
25.040,A car is close ahead. Slow down and keep safe distance.
25.080,A car is close ahead. Slow down and keep safe distance.
25.120,A car is close ahead. Slow down and keep safe distance.
25.160,A car is close ahead. Slow down and keep safe distance.
25.200,A car is close ahead. Slow down and keep safe distance.
25.240,A car is close ahead. Slow down and keep safe distance.
25.280,A car is close ahead. Slow down and keep safe distance.
25.320,A car is close ahead. Slow down and keep safe distance.
25.360,A car is close ahead. Slow down and keep safe distance.
25.400,A car is close ahead. Slow down and keep safe distance.
25.440,A car is close ahead on the left. Slow down and keep safe distance. (Moving to the left)
25.480,A car is close ahead on the left. Slow down and keep safe distance.
25.520,A car is close ahead on the left. Slow down and keep safe distance. (Moving to the left)
25.560,A car is close ahead on the left. Slow down and keep safe distance. (Moving to the right)
25.600,A car is close ahead on the left. Slow down and keep safe distance.
25.640,A car is close ahead on the left. Slow down and keep safe distance. (Moving to the right)
25.680,A car is close ahead on the left. Slow down and keep safe distance. (Moving to the left)
25.720,A car is close ahead on the left. Slow down and keep safe distance.
25.760,A car is close ahead. Slow down and keep safe distance.
25.800,A car is close ahead. Slow down and keep safe distance.
25.840,A car is close ahead on the left. Slow down and keep safe distance. (Moving to the right)
25.880,A car is close ahead. Slow down and keep safe distance.
25.920,A car is close ahead. Slow down and keep safe distance.
25.960,A car is close ahead. Slow down and keep safe distance.
26.000,A car is close ahead on the left. Slow down and keep safe distance. (Moving to the right)
26.040,A car is close ahead on the left. Slow down and keep safe distance.
26.080,A car is close ahead on the left. Slow down and keep safe distance.
26.120,A car is close ahead on the left. Slow down and keep safe distance.
26.160,A car is close ahead on the left. Slow down and keep safe distance.
26.200,A car is close ahead on the left. Slow down and keep safe distance.
26.240,A car is close ahead on the left. Slow down and keep safe distance.
26.280,A car is close ahead on the left. Slow down and keep safe distance.
26.320,A car is close ahead. Slow down and keep safe distance. (Moving to the right)
26.360,A car is close ahead on the left. Slow down and keep safe distance. (Moving to the left)
26.400,A car is close ahead. Slow down and keep safe distance. (Moving to the right)
26.440,A car is close ahead. Slow down and keep safe distance.
26.480,A car is close ahead. Slow down and keep safe distance.
26.520,A car is close ahead. Slow down and keep safe distance. (Moving to the right)
26.560,A car is close ahead. Slow down and keep safe distance.
26.600,A car is close ahead. Slow down and keep safe distance.
26.640,A car is close ahead. Slow down and keep safe distance.
26.680,A car is close ahead. Slow down and keep safe distance.
26.720,A car is close ahead. Slow down and keep safe distance.
26.760,A car is close ahead. Slow down and keep safe distance.
26.800,A car is close ahead. Slow down and keep safe distance. (Moving to the left)
26.840,A car is close ahead. Slow down and keep safe distance.
26.880,A car is close ahead. Slow down and keep safe distance.
26.920,A car is close ahead. Slow down and keep safe distance.
26.960,A car is close ahead on the left. Slow down and keep safe distance.
27.000,A car is close ahead on the left. Slow down and keep safe distance.
27.040,A car is close ahead on the left. Slow down and keep safe distance.
27.080,A car is close ahead on the left. Slow down and keep safe distance.
27.120,A car is close ahead on the left. Slow down and keep safe distance.
27.160,A car is close ahead. Slow down and keep safe distance.
27.200,A car is close ahead. Slow down and keep safe distance.
27.240,A car is close ahead. Slow down and keep safe distance.
27.280,A car is close ahead. Slow down and keep safe distance.
27.320,A car is close ahead. Slow down and keep safe distance.
27.360,A car is close ahead. Slow down and keep safe distance. (Moving to the right)
27.400,A car is close ahead. Slow down and keep safe distance. (Moving to the right)
27.440,A car is close ahead. Slow down and keep safe distance. (Moving to the left)
27.480,A car is close ahead. Slow down and keep safe distance.
27.520,A car is close ahead. Slow down and keep safe distance.
27.560,A car is close ahead. Slow down and keep safe distance.
27.600,A car is close ahead. Slow down and keep safe distance.
27.640,A car is close ahead. Slow down and keep safe distance.
27.680,A car is close ahead on the left. Slow down and keep safe distance.
27.720,A car is close ahead on the left. Slow down and keep safe distance.
27.760,A car is close ahead on the left. Slow down and keep safe distance.
27.800,A car is close ahead. Slow down and keep safe distance.
27.840,A car is close ahead. Slow down and keep safe distance.
27.880,A car is close ahead. Slow down and keep safe distance.
27.920,A car is close ahead. Slow down and keep safe distance. (Moving to the right)
27.960,A car is close ahead. Slow down and keep safe distance.
28.000,A car is close ahead. Slow down and keep safe distance. (Moving to the right)
28.040,A car is close ahead. Slow down and keep safe distance. (Moving to the left)
28.080,A car is close ahead. Slow down and keep safe distance.
28.120,A car is close ahead. Slow down and keep safe distance.
28.160,A car is close ahead on the left. Slow down and keep safe distance. (Moving to the left)
28.200,A car is close ahead. Slow down and keep safe distance. (Moving to the right)
28.240,A car is close ahead on the left. Slow down and keep safe distance. (Moving to the left)
28.280,A car is close ahead. Slow down and keep safe distance.
28.320,A car is close ahead. Slow down and keep safe distance.
28.360,A car is close ahead on the left. Slow down and keep safe distance. (Moving to the left)
28.400,A car is close ahead on the left. Slow down and keep safe distance.
28.440,A car is close ahead on the left. Slow down and keep safe distance.
28.480,A car is close ahead on the left. Slow down and keep safe distance.
28.520,A car is close ahead on the left. Slow down and keep safe distance.
28.560,A car is close ahead on the left. Slow down and keep safe distance.
28.600,A car is close ahead. Slow down and keep safe distance. (Moving to the right)
28.640,A car is close ahead. Slow down and keep safe distance.
28.680,A car is close ahead. Slow down and keep safe distance.
28.720,A car is close ahead. Slow down and keep safe distance.
28.760,A car is close ahead. Slow down and keep safe distance.
28.800,A car is close ahead on the left. Slow down and keep safe distance.
28.840,A car is close ahead on the left. Slow down and keep safe distance.
28.880,A car is close ahead on the left. Slow down and keep safe distance.
28.920,A car is close ahead on the left. Slow down and keep safe distance.
28.960,A car is close ahead on the left. Slow down and keep safe distance.
29.000,A car is close ahead on the left. Slow down and keep safe distance.
29.040,A car is close ahead on the left. Slow down and keep safe distance.
29.080,A car is close ahead on the left. Slow down and keep safe distance.
29.120,A car is close ahead on the left. Slow down and keep safe distance.
29.160,A car is close ahead on the left. Slow down and keep safe distance.
29.200,A car is close ahead on the left. Slow down and keep safe distance.
29.240,A car is close ahead on the left. Slow down and keep safe distance.
29.280,A car is close ahead on the left. Slow down and keep safe distance.
29.320,A car is close ahead on the left. Slow down and keep safe distance.
29.360,A car is close ahead on the left. Slow down and keep safe distance.
29.400,A car is close ahead. Slow down and keep safe distance.
29.440,A car is close ahead on the left. Slow down and keep safe distance.
29.480,A car is close ahead. Slow down and keep safe distance.
29.520,A car is close ahead on the left. Slow down and keep safe distance.
29.560,A car is close ahead on the left. Slow down and keep safe distance.
29.600,A car is close ahead on the left. Slow down and keep safe distance.
29.640,A car is close ahead on the left. Slow down and keep safe distance.
29.680,A car is close ahead on the left. Slow down and keep safe distance.
29.720,A car is close ahead on the left. Slow down and keep safe distance.
29.760,A car is close ahead on the left. Slow down and keep safe distance.
29.800,A car is close ahead on the left. Slow down and keep safe distance.
29.840,A car is close ahead on the left. Slow down and keep safe distance.
29.880,A car is close ahead. Slow down and keep safe distance.
29.920,A car is close ahead. Slow down and keep safe distance.
29.960,A car is close ahead on the left. Slow down and keep safe distance.
30.000,A car is close ahead on the left. Slow down and keep safe distance.
30.040,A car is close ahead on the left. Slow down and keep safe distance.
30.080,A car is close ahead on the left. Slow down and keep safe distance.
30.120,A car is close ahead. Slow down and keep safe distance. (Moving to the right)
30.160,A car is close ahead on the left. Slow down and keep safe distance. (Moving to the left)
30.200,A car is close ahead. Slow down and keep safe distance. (Moving to the right)
30.240,A car is close ahead on the left. Slow down and keep safe distance. (Moving to the left)
30.280,A car is close ahead. Slow down and keep safe distance.
30.320,A car is close ahead on the left. Slow down and keep safe distance.
30.360,A car is close ahead. Slow down and keep safe distance.
30.400,A car is close ahead on the left. Slow down and keep safe distance.
30.440,A car is close ahead on the left. Slow down and keep safe distance.
30.480,A car is close ahead on the left. Slow down and keep safe distance.
30.520,A car is close ahead on the left. Slow down and keep safe distance.
30.560,A car is close ahead on the left. Slow down and keep safe distance.
30.600,A car is close ahead. Slow down and keep safe distance.
30.640,A car is close ahead. Slow down and keep safe distance.
30.680,A car is close ahead on the left. Slow down and keep safe distance.
30.720,A car is close ahead. Slow down and keep safe distance. (Moving to the right)
30.760,A car is close ahead on the left. Slow down and keep safe distance. (Moving to the left)
30.800,A car is close ahead on the left. Slow down and keep safe distance.
30.840,A car is close ahead on the left. Slow down and keep safe distance.
30.880,A car is close ahead on the left. Slow down and keep safe distance.
30.920,A car is close ahead. Slow down and keep safe distance. (Moving to the right)
30.960,A car is close ahead. Slow down and keep safe distance.
31.000,A car is close ahead on the left. Slow down and keep safe distance. (Moving to the left)
31.040,A car is close ahead. Slow down and keep safe distance. (Moving to the right)
31.080,A car is close ahead on the left. Slow down and keep safe distance. (Moving to the left)
31.120,A car is close ahead. Slow down and keep safe distance. (Moving to the right)
31.160,A car is close ahead on the left. Slow down and keep safe distance.
31.200,A car is close ahead on the left. Slow down and keep safe distance.
31.240,A car is close ahead on the left. Slow down and keep safe distance.
31.280,A car is close ahead on the left. Slow down and keep safe distance.
31.320,A car is close ahead. Slow down and keep safe distance. (Moving to the right)
31.360,A car is close ahead. Slow down and keep safe distance.
31.400,A car is close ahead. Slow down and keep safe distance. (Moving to the right)
31.440,A car is close ahead. Slow down and keep safe distance.
31.480,A car is close ahead on the left. Slow down and keep safe distance. (Moving to the left)
31.520,A car is close ahead on the left. Slow down and keep safe distance.
31.560,A car is close ahead on the left. Slow down and keep safe distance.
31.600,A car is close ahead on the left. Slow down and keep safe distance.
31.640,A car is close ahead. Slow down and keep safe distance. (Moving to the right)
31.680,A car is close ahead. Slow down and keep safe distance.
31.720,A car is close ahead. Slow down and keep safe distance. (Moving to the left)
31.760,A car is close ahead. Slow down and keep safe distance.
31.800,A car is close ahead on the left. Slow down and keep safe distance.
31.840,A car is close ahead on the left. Slow down and keep safe distance.
31.880,A car is close ahead. Slow down and keep safe distance. (Moving to the right)
31.920,A car is close ahead. Slow down and keep safe distance. (Moving to the left)
31.960,A car is close ahead on the left. Slow down and keep safe distance. (Moving to the left)
32.000,A car is close ahead on the left. Slow down and keep safe distance.
32.040,A car is close ahead on the left. Slow down and keep safe distance.
32.080,A car is close ahead on the left. Slow down and keep safe distance. (Moving to the right)
32.120,A car is close ahead on the left. Slow down and keep safe distance. (Moving to the left)
32.160,A car is close ahead on the left. Slow down and keep safe distance.
32.200,A car is close ahead on the left. Slow down and keep safe distance.
32.240,A car is close ahead on the left. Slow down and keep safe distance.
